{
  "generator-jhipster": {
    "applicationType": "monolith",
    "gitCompany": "",
    "baseName": "Bibliotheque",
    "packageName": "com.mycompany.biblotheque",
    "packageFolder": "com/mycompany/biblotheque",
    "serverPort": 8040,
    "serviceDiscoveryType": false,
    "authenticationType": "jwt",
    "uaaBaseName": "../uaa",
    "cacheProvider": "ehcache",
    "enableHibernateCache": true,
    "websocket": false,
    "databaseType": "sql",
    "devDatabaseType": "h2Memory",
    "prodDatabaseType": "mysql",
    "searchEngine": false,
    "enableSwaggerCodegen": "true",
    "messageBroker": false,
    "buildTool": "maven",
    "useSass": true,
    "clientPackageManager": "npm",
    "testFrameworks": ["cucumber"],
    "enableTranslation": true,
    "nativeLanguage": "en",
    "languages": ["fr", "en"],
    "clientFramework": "angularX",
    "jhiPrefix": "jhi",
    "jhipsterVersion": "6.10.5",
    "jwtSecretKey": "Nzk4NWViZDFhMDZjNzljMzAzZDllOWE1NTE4MzQ1Zjc2ZDY0NWI4OWEyNDFhNzQxMTc4ZjgwMDk4YzE4OTM0NzAyOTBkMzk0MjMwOGRmOGEyOTRjMWVhOGY2YzlhYThjNWI0YTRlODhhMWM5YzgyMzgzYWNlZGE3YTJjZTM3N2M=",
    "embeddableLaunchScript": false,
    "clientTheme": "none",
    "creationTimestamp": 1608717895846,
    "entitySuffix": "",
    "dtoSuffix": "DTO",
    "otherModules": [],
    "blueprints": [],
    "prettierJava": true
  }
}
